date, pm25, pm10, o3, no2, co
2023/4/2, 100, , , , 
2023/4/3, 85, , , , 
2023/4/4, 104, , , , 
2023/4/5, 88, , , , 
2023/4/6, 86, , , , 
2023/4/7, 106, , , , 
2023/4/8, 138, , , , 
2023/4/9, 145, , , , 
2023/4/10, 165, , , , 
2023/4/11, 167, , , , 
2023/1/3, 184, , , , 
2023/1/4, 173, , , , 
2023/1/5, 177, , , , 
2023/1/6, 168, , , , 
2023/1/7, 167, , , , 
2023/1/8, 161, , , , 
2023/1/9, 123, , , , 
2023/1/10, 126, , , , 
2023/1/11, 108, , , , 
2023/1/12, 150, , , , 
2023/1/13, 98, , , , 
2023/1/14, 77, , , , 
2023/1/15, 87, , , , 
2023/1/16, 118, , , , 
2023/1/17, 153, , , , 
2023/1/18, 182, , , , 
2023/1/19, 187, , , , 
2023/1/20, 183, , , , 
2023/1/21, 172, , , , 
2023/1/22, 165, , , , 
2023/1/23, 155, , , , 
2023/1/24, 159, , , , 
2023/1/25, 172, , , , 
2023/1/26, 176, , , , 
2023/1/27, 167, , , , 
2023/1/28, 159, , , , 
2023/1/29, 161, , , , 
2023/1/30, 161, , , , 
2023/1/31, 150, , , , 
2023/2/1, 129, , , , 
2023/2/2, 80, , , , 
2023/2/3, 114, , , , 
2023/2/4, 113, , , , 
2023/2/5, 74, , , , 
2023/2/6, 98, , , , 
2023/2/7, 115, , , , 
2023/2/8, 119, , , , 
2023/2/9, 103, , , , 
2023/2/10, 78, , , , 
2023/2/11, 64, , , , 
2023/2/12, 78, , , , 
2023/2/13, 83, , , , 
2023/2/14, 109, , , , 
2023/2/15, 175, , , , 
2023/2/16, 172, , , , 
2023/2/17, 156, , , , 
2023/2/18, 79, , , , 
2023/2/19, 138, , , , 
2023/2/20, 136, , , , 
2023/2/21, 130, , , , 
2023/2/22, 123, , , , 
2023/2/23, 105, , , , 
2023/2/24, 130, , , , 
2023/2/28, 142, , , , 
2023/3/1, 135, , , , 
2023/3/2, 133, , , , 
2023/3/3, 145, , , , 
2023/3/4, 137, , , , 
2023/3/5, 128, , , , 
2023/3/6, 138, , , , 
2023/3/7, 150, , , , 
2023/3/8, 141, , , , 
2023/3/9, 118, , , , 
2023/3/10, 105, , , , 
2023/3/11, 87, , , , 
2023/3/12, 103, , , , 
2023/3/13, 130, , , , 
2023/3/14, 130, , , , 
2023/3/15, 100, , , , 
2023/3/16, 149, , , , 
2023/3/17, 92, , , , 
2023/3/18, 77, , , , 
2023/3/19, 79, , , , 
2023/3/20, 96, , , , 
2023/3/21, 86, , , , 
2023/3/22, 83, , , , 
2023/3/23, 72, , , , 
2023/3/24, 66, , , , 
2023/3/25, 92, , , , 
2023/3/26, 137, , , , 
2023/3/27, 139, , , , 
2023/3/28, 99, , , , 
2023/3/29, 71, , , , 
2023/3/30, 85, , , , 
2023/3/31, 84, , , , 
2023/4/1, 87, , , , 
2022/10/12, 115, , , , 
2022/10/13, 119, , , , 
2022/11/8, 135, , , , 
2022/11/9, 136, , , , 
2022/11/10, 90, , , , 
2022/11/11, 140, , , , 
2022/11/12, 156, , , , 
2022/11/13, 162, , , , 
2022/11/14, 162, , , , 
2022/11/15, 158, , , , 
2022/11/16, 150, , , , 
2022/11/17, 154, , , , 
2022/11/18, 143, , , , 
2022/11/19, 130, , , , 
2022/11/20, 138, , , , 
2022/11/21, 167, , , , 
2022/11/22, 160, , , , 
2022/11/23, 162, , , , 
2022/11/24, 166, , , , 
2022/11/27, 154, , , , 
2022/11/28, 118, , , , 
2022/11/29, 119, , , , 
2022/11/30, 156, , , , 
2022/12/1, 156, , , , 
2022/12/2, 151, , , , 
2022/12/3, 159, , , , 
2022/12/4, 110, , , , 
2022/12/5, 105, , , , 
2022/12/6, 103, , , , 
2022/12/7, 98, , , , 
2022/12/8, 136, , , , 
2022/12/9, 161, , , , 
2022/12/10, 173, , , , 
2022/12/13, 158, , , , 
2022/12/14, 164, , , , 
2022/12/15, 186, , , , 
2022/12/16, 183, , , , 
2022/12/17, 171, , , , 
2022/12/18, 162, , , , 
2022/12/19, 161, , , , 
2022/12/20, 160, , , , 
2022/12/21, 160, , , , 
2022/12/22, 163, , , , 
2022/12/23, 93, , , , 
2022/12/24, 107, , , , 
2022/12/25, 82, , , , 
2022/12/26, 112, , , , 
2022/12/27, 162, , , , 
2022/12/28, 122, , , , 
2022/12/29, 121, , , , 
2022/12/30, 152, , , , 
2022/12/31, 168, , , , 
2023/1/1, 172, , , , 
2023/1/2, 177, , , , 
2022/7/2, 167, , , , 
2022/7/3, 165, , , , 
2022/7/4, 193, , , , 
2022/7/5, 197, , , , 
2022/7/6, 166, , , , 
2022/7/7, 175, , , , 
2022/7/8, 167, , , , 
2022/7/9, 170, , , , 
2022/7/10, 176, , , , 
2022/7/11, 175, , , , 
2022/7/12, 167, , , , 
2022/7/13, 163, , , , 
2022/7/14, 157, , , , 
2022/7/15, 155, , , , 
2022/7/16, 155, , , , 
2022/7/17, 160, , , , 
2022/7/18, 159, , , , 
2022/7/19, 154, , , , 
2022/7/20, 154, , , , 
2022/7/21, 154, , , , 
2022/7/22, 157, , , , 
2022/7/23, 159, , , , 
2022/7/24, 157, , , , 
2022/7/25, 184, , , , 
2022/7/26, 228, , , , 
2022/7/27, 180, , , , 
2022/7/28, 178, , , , 
2022/7/29, 203, , , , 
2022/7/30, 162, , , , 
2022/7/31, 132, , , , 
2022/8/1, 123, , , , 
2022/8/2, 119, , , , 
2022/8/3, 114, , , , 
2022/8/4, 136, , , , 
2022/8/5, 139, , , , 
2022/8/6, 156, , , , 
2022/8/7, 145, , , , 
2022/8/8, 161, , , , 
2022/8/9, 137, , , , 
2022/8/10, 161, , , , 
2022/8/11, 175, , , , 
2022/8/12, 154, , , , 
2022/8/13, 124, , , , 
2022/8/14, 121, , , , 
2022/8/15, 141, , , , 
2022/8/16, 146, , , , 
2022/8/17, 105, , , , 
2022/8/18, 88, , , , 
2022/8/19, 84, , , , 
2022/8/20, 85, , , , 
2022/8/21, 79, , , , 
2022/8/22, 94, , , , 
2022/8/23, 100, , , , 
2022/8/24, 102, , , , 
2022/8/25, 103, , , , 
2022/8/26, 96, , , , 
2022/8/27, 86, , , , 
2022/8/28, 84, , , , 
2022/8/29, 87, , , , 
2022/8/30, 89, , , , 
2022/8/31, 86, , , , 
2022/9/1, 86, , , , 
2022/9/2, 92, , , , 
2022/9/3, 93, , , , 
2022/9/4, 91, , , , 
2022/9/5, 96, , , , 
2022/9/6, 100, , , , 
2022/9/7, 108, , , , 
2022/9/8, 92, , , , 
2022/9/9, 100, , , , 
2022/9/10, 97, , , , 
2022/9/11, 131, , , , 
2022/9/12, 132, , , , 
2022/9/13, 98, , , , 
2022/9/14, 93, , , , 
2022/9/15, 97, , , , 
2022/9/16, 115, , , , 
2022/9/17, 120, , , , 
2022/9/18, 80, , , , 
2022/9/19, 84, , , , 
2022/9/20, 93, , , , 
2022/9/21, 86, , , , 
2022/9/22, 82, , , , 
2022/9/23, 82, , , , 
2022/4/2, 93, , , , 
2022/4/3, 110, , , , 
2022/4/4, 118, , , , 
2022/4/5, 96, , , , 
2022/4/6, 104, , , , 
2022/4/7, 80, , , , 
2022/4/8, 115, , , , 
2022/4/9, 275, , , , 
2022/4/10, 197, , , , 
2022/4/11, 151, , , , 
2022/4/12, 110, , , , 
2022/4/13, 125, , , , 
2022/4/14, 145, , , , 
2022/4/15, 109, , , , 
2022/4/16, 113, , , , 
2022/4/17, 82, , , , 
2022/4/18, 83, , , , 
2022/4/19, 72, , , , 
2022/4/20, 75, , , , 
2022/4/21, 103, , , , 
2022/4/22, 136, , , , 
2022/4/23, 105, , , , 
2022/4/24, 98, , , , 
2022/4/25, 94, , , , 
2022/4/26, 100, , , , 
2022/4/27, 146, , , , 
2022/4/28, 107, , , , 
2022/4/29, 120, , , , 
2022/4/30, 108, , , , 
2022/5/1, 89, , , , 
2022/5/2, 83, , , , 
2022/5/3, 82, , , , 
2022/5/4, 105, , , , 
2022/5/5, 84, , , , 
2022/5/6, 92, , , , 
2022/5/7, 98, , , , 
2022/5/8, 136, , , , 
2022/5/9, 165, , , , 
2022/5/10, 121, , , , 
2022/5/11, 71, , , , 
2022/5/12, 90, , , , 
2022/5/13, 121, , , , 
2022/5/14, 82, , , , 
2022/5/15, 72, , , , 
2022/5/16, 77, , , , 
2022/5/17, 101, , , , 
2022/5/18, 170, , , , 
2022/5/19, 160, , , , 
2022/5/20, 128, , , , 
2022/5/21, 92, , , , 
2022/5/22, 121, , , , 
2022/5/23, 134, , , , 
2022/5/24, 138, , , , 
2022/5/25, 153, , , , 
2022/5/26, 232, , , , 
2022/5/27, 160, , , , 
2022/5/28, 101, , , , 
2022/5/29, 88, , , , 
2022/5/30, 78, , , , 
2022/5/31, 74, , , , 
2022/6/1, 76, , , , 
2022/6/2, 75, , , , 
2022/6/3, 74, , , , 
2022/6/4, 78, , , , 
2022/6/5, 77, , , , 
2022/6/6, 92, , , , 
2022/6/7, 97, , , , 
2022/6/8, 100, , , , 
2022/6/9, 122, , , , 
2022/6/11, 141, , , , 
2022/6/12, 147, , , , 
2022/6/13, 142, , , , 
2022/6/14, 133, , , , 
2022/6/15, 125, , , , 
2022/6/16, 145, , , , 
2022/6/17, 111, , , , 
2022/6/18, 116, , , , 
2022/6/19, 128, , , , 
2022/6/20, 97, , , , 
2022/6/21, 112, , , , 
2022/6/22, 103, , , , 
2022/6/23, 94, , , , 
2022/6/24, 132, , , , 
2022/6/25, 161, , , , 
2022/6/26, 155, , , , 
2022/6/27, 131, , , , 
2022/6/28, 152, , , , 
2022/6/29, 145, , , , 
2022/6/30, 152, , , , 
2022/7/1, 160, , , , 
2022/1/4, 106, , , , 
2022/1/5, 93, , , , 
2022/1/6, 74, , , , 
2022/1/7, 79, , , , 
2022/1/8, 141, , , , 
2022/1/9, 160, , , , 
2022/1/10, 158, , , , 
2022/1/11, 154, , , , 
2022/1/12, 161, , , , 
2022/1/13, 129, , , , 
2022/1/14, 107, , , , 
2022/1/15, 95, , , , 
2022/1/16, 82, , , , 
2022/1/17, 50, , , , 
2022/1/18, 67, , , , 
2022/1/19, 60, , , , 
2022/1/20, 120, , , , 
2022/1/21, 110, , , , 
2022/1/22, 62, , , , 
2022/1/23, 107, , , , 
2022/1/24, 136, , , , 
2022/1/25, 160, , , , 
2022/1/26, 148, , , , 
2022/1/27, 147, , , , 
2022/1/28, 95, , , , 
2022/1/29, 57, , , , 
2022/1/30, 98, , , , 
2022/1/31, 85, , , , 
2022/2/1, 79, , , , 
2022/2/2, 120, , , , 
2022/2/3, 142, , , , 
2022/2/4, 158, , , , 
2022/2/5, 158, , , , 
2022/2/6, 94, , , , 
2022/2/7, 60, , , , 
2022/2/8, 81, , , , 
2022/2/9, 85, , , , 
2022/2/10, 96, , , , 
2022/2/11, 104, , , , 
2022/2/12, 98, , , , 
2022/2/13, 129, , , , 
2022/2/14, 147, , , , 
2022/2/15, 111, , , , 
2022/2/16, 97, , , , 
2022/2/17, 107, , , , 
2022/2/18, 80, , , , 
2022/2/19, 89, , , , 
2022/2/20, 87, , , , 
2022/2/21, 70, , , , 
2022/2/22, 101, , , , 
2022/2/23, 107, , , , 
2022/2/24, 110, , , , 
2022/2/25, 95, , , , 
2022/2/26, 91, , , , 
2022/2/27, 79, , , , 
2022/2/28, 75, , , , 
2022/3/1, 85, , , , 
2022/3/2, 103, , , , 
2022/3/3, 103, , , , 
2022/3/4, 103, , , , 
2022/3/5, 104, , , , 
2022/3/6, 85, , , , 
2022/3/7, 66, , , , 
2022/3/8, 78, , , , 
2022/3/9, 101, , , , 
2022/3/10, 111, , , , 
2022/3/11, 92, , , , 
2022/3/12, 106, , , , 
2022/3/13, 79, , , , 
2022/3/14, 95, , , , 
2022/3/15, 137, , , , 
2022/3/16, 143, , , , 
2022/3/17, 143, , , , 
2022/3/18, 74, , , , 
2022/3/19, 72, , , , 
2022/3/20, 76, , , , 
2022/3/21, 70, , , , 
2022/3/22, 100, , , , 
2022/3/23, 101, , , , 
2022/3/24, 79, , , , 
2022/3/25, 85, , , , 
2022/3/26, 80, , , , 
2022/3/27, 60, , , , 
2022/3/28, 55, , , , 
2022/3/29, 61, , , , 
2022/3/30, 77, , , , 
2022/3/31, 77, , , , 
2022/4/1, 83, , , , 
2021/10/2, 115, , , , 
2021/10/3, 96, , , , 
2021/10/4, 91, , , , 
2021/10/5, 92, , , , 
2021/10/6, 90, , , , 
2021/10/7, 91, , , , 
2021/10/8, 95, , , , 
2021/10/9, 84, , , , 
2021/10/10, 88, , , , 
2021/10/11, 74, , , , 
2021/10/12, 75, , , , 
2021/10/13, 106, , , , 
2021/10/14, 122, , , , 
2021/10/15, 117, , , , 
2021/10/16, 89, , , , 
2021/10/17, 97, , , , 
2021/10/18, 93, , , , 
2021/10/19, 99, , , , 
2021/10/20, 91, , , , 
2021/10/21, 88, , , , 
2021/10/22, 74, , , , 
2021/10/23, 74, , , , 
2021/10/24, 99, , , , 
2021/10/25, 99, , , , 
2021/10/26, 100, , , , 
2021/10/27, 109, , , , 
2021/10/28, 98, , , , 
2021/10/29, 85, , , , 
2021/10/30, 94, , , , 
2021/10/31, 93, , , , 
2021/11/1, 143, , , , 
2021/11/2, 107, , , , 
2021/11/3, 162, , , , 
2021/11/4, 135, , , , 
2021/11/5, 78, , , , 
2021/11/6, 53, , , , 
2021/11/7, 66, , , , 
2021/11/8, 69, , , , 
2021/11/9, 127, , , , 
2021/11/10, 156, , , , 
2021/11/11, 156, , , , 
2021/11/12, 153, , , , 
2021/11/13, 73, , , , 
2021/11/14, 105, , , , 
2021/11/15, 156, , , , 
2021/11/16, 142, , , , 
2021/11/17, 154, , , , 
2021/11/18, 81, , , , 
2021/11/19, 108, , , , 
2021/11/20, 162, , , , 
2021/11/21, 168, , , , 
2021/11/22, 173, , , , 
2021/11/23, 148, , , , 
2021/11/24, 120, , , , 
2021/11/25, 152, , , , 
2021/11/26, 152, , , , 
2021/11/27, 138, , , , 
2021/11/28, 132, , , , 
2021/11/29, 127, , , , 
2021/11/30, 174, , , , 
2021/12/1, 178, , , , 
2021/12/2, 184, , , , 
2021/12/3, 145, , , , 
2021/12/4, 63, , , , 
2021/12/5, 139, , , , 
2021/12/6, 166, , , , 
2021/12/7, 178, , , , 
2021/12/8, 147, , , , 
2021/12/9, 162, , , , 
2021/12/10, 166, , , , 
2021/12/11, 140, , , , 
2021/12/12, 114, , , , 
2021/12/13, 153, , , , 
2021/12/14, 165, , , , 
2021/12/15, 164, , , , 
2021/12/16, 159, , , , 
2021/12/17, 143, , , , 
2021/12/18, 158, , , , 
2021/12/19, 122, , , , 
2021/12/20, 149, , , , 
2021/12/21, 147, , , , 
2021/12/22, 113, , , , 
2021/12/23, 98, , , , 
2021/12/24, 83, , , , 
2021/12/25, 108, , , , 
2021/12/26, 74, , , , 
2021/12/27, 109, , , , 
2021/12/28, 150, , , , 
2021/12/29, 159, , , , 
2021/12/30, 162, , , , 
2021/12/31, 164, , , , 
2022/1/1, 155, , , , 
2022/1/2, 160, , , , 
2022/1/3, 108, , , , 
2021/7/2, 135, , , , 
2021/7/3, 133, , , , 
2021/7/4, 151, , , , 
2021/7/5, 153, , , , 
2021/7/6, 152, , , , 
2021/7/7, 162, , , , 
2021/7/8, 172, , , , 
2021/7/9, 164, , , , 
2021/7/10, 211, , , , 
2021/7/11, 199, , , , 
2021/7/12, 212, , , , 
2021/7/13, 178, , , , 
2021/7/14, 178, , , , 
2021/7/15, 198, , , , 
2021/7/16, 189, , , , 
2021/7/17, 206, , , , 
2021/7/18, 137, , , , 
2021/7/19, 73, , , , 
2021/7/20, 75, , , , 
2021/7/21, 77, , , , 
2021/7/22, 72, , , , 
2021/7/23, 75, , , , 
2021/7/24, 79, , , , 
2021/7/25, 80, , , , 
2021/7/26, 86, , , , 
2021/7/27, 85, , , , 
2021/7/28, 84, , , , 
2021/7/29, 75, , , , 
2021/7/30, 99, , , , 
2021/7/31, 69, , , , 
2021/8/1, 65, , , , 
2021/8/2, 65, , , , 
2021/8/3, 65, , , , 
2021/8/4, 78, , , , 
2021/8/5, 75, , , , 
2021/8/6, 72, , , , 
2021/8/7, 70, , , , 
2021/8/8, 66, , , , 
2021/8/9, 68, , , , 
2021/8/10, 68, , , , 
2021/8/11, 67, , , , 
2021/8/12, 75, , , , 
2021/8/13, 88, , , , 
2021/8/14, 89, , , , 
2021/8/15, 87, , , , 
2021/8/16, 102, , , , 
2021/8/17, 85, , , , 
2021/8/18, 76, , , , 
2021/8/19, 88, , , , 
2021/8/20, 69, , , , 
2021/8/21, 77, , , , 
2021/8/22, 77, , , , 
2021/8/23, 69, , , , 
2021/8/24, 69, , , , 
2021/8/25, 68, , , , 
2021/8/26, 67, , , , 
2021/8/27, 68, , , , 
2021/8/28, 73, , , , 
2021/8/29, 68, , , , 
2021/8/30, 72, , , , 
2021/8/31, 72, , , , 
2021/9/1, 79, , , , 
2021/9/2, 70, , , , 
2021/9/3, 64, , , , 
2021/9/4, 75, , , , 
2021/9/5, 105, , , , 
2021/9/6, 125, , , , 
2021/9/7, 111, , , , 
2021/9/8, 87, , , , 
2021/9/9, 84, , , , 
2021/9/10, 89, , , , 
2021/9/11, 98, , , , 
2021/9/12, 94, , , , 
2021/9/13, 95, , , , 
2021/9/14, 91, , , , 
2021/9/15, 81, , , , 
2021/9/16, 90, , , , 
2021/9/17, 83, , , , 
2021/9/18, 92, , , , 
2021/9/19, 95, , , , 
2021/9/20, 92, , , , 
2021/9/21, 95, , , , 
2021/9/22, 101, , , , 
2021/9/23, 101, , , , 
2021/9/24, 110, , , , 
2021/9/25, 128, , , , 
2021/9/26, 99, , , , 
2021/9/27, 111, , , , 
2021/9/28, 136, , , , 
2021/9/29, 118, , , , 
2021/9/30, 134, , , , 
2021/10/1, 130, , , , 
2021/4/2, 66, , , , 
2021/4/3, 73, , , , 
2021/4/4, 75, , , , 
2021/4/5, 54, , , , 
2021/4/6, 51, , , , 
2021/4/7, 81, , , , 
2021/4/8, 83, , , , 
2021/4/9, 98, , , , 
2021/4/10, 85, , , , 
2021/4/11, 91, , , , 
2021/4/12, 80, , , , 
2021/4/13, 68, , , , 
2021/4/14, 75, , , , 
2021/4/15, 80, , , , 
2021/4/16, 66, , , , 
2021/4/17, 59, , , , 
2021/4/18, 67, , , , 
2021/4/19, 70, , , , 
2021/4/20, 77, , , , 
2021/4/21, 87, , , , 
2021/4/22, 92, , , , 
2021/4/23, 78, , , , 
2021/4/24, 98, , , , 
2021/4/25, 82, , , , 
2021/4/26, 68, , , , 
2021/4/27, 78, , , , 
2021/4/28, 90, , , , 
2021/4/29, 94, , , , 
2021/4/30, 79, , , , 
2021/5/1, 69, , , , 
2021/5/2, 72, , , , 
2021/5/3, 69, , , , 
2021/5/4, 64, , , , 
2021/5/5, 65, , , , 
2021/5/6, 81, , , , 
2021/5/7, 68, , , , 
2021/5/8, 73, , , , 
2021/5/9, 75, , , , 
2021/5/10, 74, , , , 
2021/5/11, 82, , , , 
2021/5/12, 67, , , , 
2021/5/13, 83, , , , 
2021/5/14, 78, , , , 
2021/5/15, 77, , , , 
2021/5/16, 62, , , , 
2021/5/17, 65, , , , 
2021/5/18, 69, , , , 
2021/5/19, 86, , , , 
2021/5/20, 91, , , , 
2021/5/21, 73, , , , 
2021/5/22, 69, , , , 
2021/5/23, 66, , , , 
2021/5/24, 85, , , , 
2021/5/25, 93, , , , 
2021/5/26, 95, , , , 
2021/5/27, 81, , , , 
2021/5/28, 76, , , , 
2021/5/29, 74, , , , 
2021/5/30, 75, , , , 
2021/5/31, 73, , , , 
2021/6/1, 75, , , , 
2021/6/2, 64, , , , 
2021/6/3, 77, , , , 
2021/6/6, 77, , , , 
2021/6/7, 88, , , , 
2021/6/8, 87, , , , 
2021/6/9, 79, , , , 
2021/6/10, 80, , , , 
2021/6/11, 80, , , , 
2021/6/12, 81, , , , 
2021/6/13, 85, , , , 
2021/6/14, 100, , , , 
2021/6/15, 94, , , , 
2021/6/16, 95, , , , 
2021/6/17, 96, , , , 
2021/6/18, 90, , , , 
2021/6/19, 98, , , , 
2021/6/20, 89, , , , 
2021/6/21, 102, , , , 
2021/6/22, 162, , , , 
2021/6/23, 159, , , , 
2021/6/24, 145, , , , 
2021/6/25, 139, , , , 
2021/6/26, 152, , , , 
2021/6/27, 150, , , , 
2021/6/28, 157, , , , 
2021/6/29, 143, , , , 
2021/6/30, 146, , , , 
2021/7/1, 159, , , , 
2021/1/5, 144, , , , 
2021/1/6, 126, , , , 
2021/1/7, 156, , , , 
2021/1/8, 163, , , , 
2021/1/9, 167, , , , 
2021/1/10, 166, , , , 
2021/1/11, 170, , , , 
2021/1/12, 158, , , , 
2021/1/13, 165, , , , 
2021/1/14, 159, , , , 
2021/1/15, 162, , , , 
2021/1/16, 155, , , , 
2021/1/17, 96, , , , 
2021/1/18, 136, , , , 
2021/1/19, 97, , , , 
2021/1/20, 74, , , , 
2021/1/21, 87, , , , 
2021/1/22, 75, , , , 
2021/1/23, 74, , , , 
2021/1/24, 77, , , , 
2021/1/25, 104, , , , 
2021/1/26, 146, , , , 
2021/1/27, 157, , , , 
2021/1/28, 159, , , , 
2021/1/29, 161, , , , 
2021/1/30, 160, , , , 
2021/1/31, 63, , , , 
2021/2/1, 57, , , , 
2021/2/2, 81, , , , 
2021/2/3, 130, , , , 
2021/2/4, 147, , , , 
2021/2/5, 151, , , , 
2021/2/6, 158, , , , 
2021/2/7, 78, , , , 
2021/2/8, 104, , , , 
2021/2/9, 160, , , , 
2021/2/10, 137, , , , 
2021/2/11, 103, , , , 
2021/2/12, 93, , , , 
2021/2/13, 71, , , , 
2021/2/14, 90, , , , 
2021/2/15, 93, , , , 
2021/2/16, 110, , , , 
2021/2/17, 120, , , , 
2021/2/18, 84, , , , 
2021/2/19, 65, , , , 
2021/2/20, 52, , , , 
2021/2/21, 64, , , , 
2021/2/22, 69, , , , 
2021/2/23, 66, , , , 
2021/2/24, 76, , , , 
2021/2/25, 85, , , , 
2021/2/26, 105, , , , 
2021/2/27, 96, , , , 
2021/2/28, 110, , , , 
2021/3/1, 137, , , , 
2021/3/2, 124, , , , 
2021/3/3, 106, , , , 
2021/3/4, 77, , , , 
2021/3/5, 85, , , , 
2021/3/6, 66, , , , 
2021/3/7, 58, , , , 
2021/3/8, 63, , , , 
2021/3/9, 70, , , , 
2021/3/10, 66, , , , 
2021/3/11, 58, , , , 
2021/3/12, 71, , , , 
2021/3/13, 57, , , , 
2021/3/14, 65, , , , 
2021/3/15, 123, , , , 
2021/3/16, 150, , , , 
2021/3/17, 143, , , , 
2021/3/18, 126, , , , 
2021/3/19, 87, , , , 
2021/3/20, 50, , , , 
2021/3/21, 44, , , , 
2021/3/22, 38, , , , 
2021/3/23, 56, , , , 
2021/3/24, 80, , , , 
2021/3/25, 86, , , , 
2021/3/26, 117, , , , 
2021/3/27, 96, , , , 
2021/3/28, 114, , , , 
2021/3/29, 51, , , , 
2021/3/30, 50, , , , 
2021/3/31, 53, , , , 
2021/4/1, 59, , , , 
2020/10/2, 115, , , , 
2020/10/3, 136, , , , 
2020/10/4, 136, , , , 
2020/10/5, 118, , , , 
2020/10/6, 91, , , , 
2020/10/7, 95, , , , 
2020/10/8, 84, , , , 
2020/10/9, 82, , , , 
2020/10/10, 73, , , , 
2020/10/11, 87, , , , 
2020/10/12, 149, , , , 
2020/10/13, 135, , , , 
2020/10/14, 145, , , , 
2020/10/15, 144, , , , 
2020/10/16, 139, , , , 
2020/10/17, 150, , , , 
2020/10/18, 139, , , , 
2020/10/19, 121, , , , 
2020/10/20, 124, , , , 
2020/10/21, 140, , , , 
2020/10/22, 118, , , , 
2020/10/23, 119, , , , 
2020/10/24, 129, , , , 
2020/10/25, 113, , , , 
2020/10/26, 122, , , , 
2020/10/28, 132, , , , 
2020/10/29, 123, , , , 
2020/10/30, 99, , , , 
2020/10/31, 115, , , , 
2020/11/1, 125, , , , 
2020/11/2, 105, , , , 
2020/11/3, 133, , , , 
2020/11/4, 138, , , , 
2020/11/5, 125, , , , 
2020/11/6, 116, , , , 
2020/11/7, 119, , , , 
2020/11/8, 114, , , , 
2020/11/9, 87, , , , 
2020/11/10, 100, , , , 
2020/11/11, 134, , , , 
2020/11/12, 123, , , , 
2020/11/13, 93, , , , 
2020/11/14, 82, , , , 
2020/11/15, 69, , , , 
2020/11/16, 101, , , , 
2020/11/17, 110, , , , 
2020/11/18, 102, , , , 
2020/11/19, 143, , , , 
2020/11/20, 93, , , , 
2020/11/21, 75, , , , 
2020/11/22, 112, , , , 
2020/11/23, 104, , , , 
2020/11/24, 153, , , , 
2020/11/25, 145, , , , 
2020/11/26, 136, , , , 
2020/11/27, 171, , , , 
2020/11/28, 106, , , , 
2020/11/29, 138, , , , 
2020/11/30, 127, , , , 
2020/12/1, 115, , , , 
2020/12/2, 134, , , , 
2020/12/3, 173, , , , 
2020/12/4, 150, , , , 
2020/12/5, 136, , , , 
2020/12/6, 153, , , , 
2020/12/7, 111, , , , 
2020/12/8, 88, , , , 
2020/12/9, 121, , , , 
2020/12/10, 151, , , , 
2020/12/11, 165, , , , 
2020/12/12, 155, , , , 
2020/12/13, 147, , , , 
2020/12/14, 159, , , , 
2020/12/15, 161, , , , 
2020/12/16, 151, , , , 
2020/12/17, 164, , , , 
2020/12/18, 126, , , , 
2020/12/19, 153, , , , 
2020/12/20, 124, , , , 
2020/12/21, 123, , , , 
2020/12/22, 131, , , , 
2020/12/23, 150, , , , 
2020/12/24, 169, , , , 
2020/12/25, 131, , , , 
2020/12/26, 62, , , , 
2020/12/27, 106, , , , 
2020/12/28, 138, , , , 
2020/12/29, 161, , , , 
2020/12/30, 162, , , , 
2020/12/31, 182, , , , 
2021/1/1, 166, , , , 
2021/1/2, 177, , , , 
2021/1/3, 170, , , , 
2021/1/4, 173, , , , 
2020/7/2, 141, , , , 
2020/7/3, 149, , , , 
2020/7/4, 164, , , , 
2020/7/5, 153, , , , 
2020/7/6, 147, , , , 
2020/7/7, 107, , , , 
2020/7/8, 123, , , , 
2020/7/9, 99, , , , 
2020/7/10, 100, , , , 
2020/7/11, 113, , , , 
2020/7/12, 114, , , , 
2020/7/13, 98, , , , 
2020/7/14, 83, , , , 
2020/7/15, 94, , , , 
2020/7/16, 94, , , , 
2020/7/17, 88, , , , 
2020/7/18, 76, , , , 
2020/7/19, 81, , , , 
2020/7/20, 84, , , , 
2020/7/21, 91, , , , 
2020/7/22, 85, , , , 
2020/7/23, 80, , , , 
2020/7/24, 86, , , , 
2020/7/25, 100, , , , 
2020/7/26, 85, , , , 
2020/7/27, 92, , , , 
2020/7/28, 80, , , , 
2020/7/29, 80, , , , 
2020/7/30, 92, , , , 
2020/7/31, 100, , , , 
2020/8/1, 98, , , , 
2020/8/2, 68, , , , 
2020/8/3, 93, , , , 
2020/8/4, 93, , , , 
2020/8/5, 88, , , , 
2020/8/6, 88, , , , 
2020/8/7, 101, , , , 
2020/8/8, 86, , , , 
2020/8/9, 88, , , , 
2020/8/10, 83, , , , 
2020/8/11, 88, , , , 
2020/8/12, 109, , , , 
2020/8/13, 100, , , , 
2020/8/14, 112, , , , 
2020/8/15, 105, , , , 
2020/8/16, 116, , , , 
2020/8/17, 112, , , , 
2020/8/18, 111, , , , 
2020/8/19, 96, , , , 
2020/8/20, 89, , , , 
2020/8/21, 105, , , , 
2020/8/22, 104, , , , 
2020/8/23, 102, , , , 
2020/8/24, 114, , , , 
2020/8/25, 125, , , , 
2020/8/26, 129, , , , 
2020/8/27, 122, , , , 
2020/8/28, 104, , , , 
2020/8/29, 115, , , , 
2020/8/30, 116, , , , 
2020/8/31, 122, , , , 
2020/9/1, 110, , , , 
2020/9/2, 105, , , , 
2020/9/3, 119, , , , 
2020/9/4, 139, , , , 
2020/9/5, 106, , , , 
2020/9/6, 97, , , , 
2020/9/7, 114, , , , 
2020/9/16, 138, , , , 
2020/9/17, 121, , , , 
2020/9/18, 125, , , , 
2020/9/19, 110, , , , 
2020/9/20, 128, , , , 
2020/9/21, 129, , , , 
2020/9/22, 123, , , , 
2020/9/23, 134, , , , 
2020/9/24, 114, , , , 
2020/9/25, 117, , , , 
2020/9/26, 116, , , , 
2020/9/27, 130, , , , 
2020/9/28, 136, , , , 
2020/9/29, 142, , , , 
2020/9/30, 125, , , , 
2020/10/1, 82, , , , 
2020/4/2, 52, 34, , , 
2020/4/3, 42, 54, , , 
2020/4/6, 21, 40, , , 
2020/4/7, 51, 43, , , 
2020/4/8, 59, 31, , , 
2020/4/9, 49, 29, , , 
2020/4/10, 36, 25, , , 
2020/4/11, 47, 35, , , 
2020/4/12, 66, 34, , , 
2020/4/13, 42, 33, , , 
2020/4/14, 40, 44, , , 
2020/4/15, 62, 52, , , 
2020/4/16, 84, 44, , , 
2020/4/17, 93, 39, , , 
2020/4/18, 66, 25, , , 
2020/4/19, 41, 32, , , 
2020/4/20, 59, 42, , , 
2020/4/21, 72, 47, , , 
2020/4/22, 68, 47, , , 
2020/4/23, 58, , , , 
2020/4/24, 78, , , , 
2020/4/25, 54, 64, , , 
2020/4/26, 80, 60, , , 
2020/4/27, 75, 46, , , 
2020/4/28, 58, 31, , , 
2020/4/29, 51, 48, , , 
2020/4/30, 51, 36, , , 
2020/5/1, 57, 31, , , 
2020/5/2, 41, 42, , , 
2020/5/3, 62, 37, , , 
2020/5/4, 55, 45, , , 
2020/5/5, 59, 57, , , 
2020/5/6, 68, 80, , , 
2020/5/7, 99, 69, , , 
2020/5/8, 56, , , , 
2020/5/9, 47, 42, , , 
2020/5/10, 58, 47, , , 
2020/5/11, 62, 95, , , 
2020/5/12, 100, 52, , , 
2020/5/13, 64, 38, , , 
2020/5/14, 55, 45, , , 
2020/5/15, 63, 153, , , 
2020/5/16, 59, 103, , , 
2020/5/17, 73, 61, , , 
2020/5/18, 76, 48, , , 
2020/5/19, 77, 80, , , 
2020/5/20, 87, 116, , , 
2020/5/21, 62, , , , 
2020/5/22, 104, , , , 
2020/5/23, 112, , , , 
2020/5/24, 83, , , , 
2020/5/25, 77, , , , 
2020/5/26, 71, , , , 
2020/5/27, 80, , , , 
2020/5/28, 81, , , , 
2020/5/29, 73, , , , 
2020/5/30, 57, , , , 
2020/5/31, 69, , , , 
2020/6/1, 74, , , , 
2020/6/2, 69, , , , 
2020/6/3, 76, , , , 
2020/6/4, 83, , , , 
2020/6/5, 72, , , , 
2020/6/6, 71, 59, , , 
2020/6/7, 72, 67, , , 
2020/6/8, 69, 78, , , 
2020/6/9, 81, 75, , , 
2020/6/10, 75, 59, , , 
2020/6/11, 64, 54, , , 
2020/6/12, 60, 55, , , 
2020/6/13, 62, 120, , , 
2020/6/14, 77, 55, , , 
2020/6/15, 75, 43, , , 
2020/6/16, 107, 53, , , 
2020/6/17, 117, 59, , , 
2020/6/18, 95, 66, , , 
2020/6/19, 112, 63, , , 
2020/6/20, 103, 65, , , 
2020/6/21, 110, 71, , , 
2020/6/22, 121, 60, , , 
2020/6/23, 113, 66, , , 
2020/6/24, 116, 151, , , 
2020/6/25, 141, , , , 
2020/6/26, 122, , , , 
2020/6/27, 143, , , , 
2020/6/28, 143, , , , 
2020/6/29, 137, , , , 
2020/6/30, 148, , , , 
2020/7/1, 128, , , , 
2020/1/2, 86, 50, , , 
2020/1/3, 80, 48, , , 
2020/1/4, 75, 51, , , 
2020/1/5, 77, 33, , , 
2020/1/6, 60, 36, , , 
2020/1/7, 61, 48, , , 
2020/1/8, 71, 55, , , 
2020/1/9, 84, 55, , , 
2020/1/10, 81, 41, , , 
2020/1/11, 63, 52, , , 
2020/1/12, 78, 44, , , 
2020/1/13, 71, 51, , , 
2020/1/14, 77, 52, , , 
2020/1/15, 82, 54, , , 
2020/1/16, 84, 54, , , 
2020/1/17, 81, 60, , , 
2020/1/18, 94, 42, , , 
2020/1/19, 63, 49, , , 
2020/1/20, 76, 44, , , 
2020/1/21, 73, 57, , , 
2020/1/22, 90, 54, , , 
2020/1/23, 81, 34, , , 
2020/1/24, 56, 34, , , 
2020/1/25, 57, 48, , , 
2020/1/26, 75, 47, , , 
2020/1/27, 76, 62, , , 
2020/1/28, 100, 59, , , 
2020/1/29, 93, 71, , , 
2020/1/30, 89, 69, , , 
2020/2/1, 102, 47, , , 
2020/2/2, 84, 33, , , 
2020/2/3, 53, 36, , , 
2020/2/4, 71, 52, , , 
2020/2/5, 106, 35, , , 
2020/2/6, 69, 35, , , 
2020/2/7, 66, 43, , , 
2020/2/8, 77, 48, , , 
2020/2/9, 81, 44, , , 
2020/2/10, 65, 56, , , 
2020/2/11, 79, 25, , , 
2020/2/12, 54, 30, , , 
2020/2/13, 66, 39, , , 
2020/2/14, 82, 37, , , 
2020/2/15, 73, 43, , , 
2020/2/16, 113, 60, , , 
2020/2/17, 108, 60, , , 
2020/2/18, 105, 73, , , 
2020/2/19, 149, 67, , , 
2020/2/20, 128, 44, , , 
2020/2/21, 83, 48, , , 
2020/2/22, 111, 46, , , 
2020/2/23, 100, 53, , , 
2020/2/24, 106, 58, , , 
2020/2/25, 98, 27, , , 
2020/2/26, 66, 21, , , 
2020/2/27, 51, 52, , , 
2020/2/28, 101, 65, , , 
2020/2/29, 148, 76, , , 
2020/3/1, 163, 69, , , 
2020/3/2, 141, 42, , , 
2020/3/3, 59, 46, , , 
2020/3/4, 52, 49, , , 
2020/3/5, 77, 60, , , 
2020/3/6, 111, 64, , , 
2020/3/7, 126, 55, , , 
2020/3/8, 88, 48, , , 
2020/3/9, 68, 45, , , 
2020/3/10, 67, 43, , , 
2020/3/11, 66, 48, , , 
2020/3/12, 84, 64, , , 
2020/3/13, 126, 52, , , 
2020/3/14, 87, 50, , , 
2020/3/15, 64, 52, , , 
2020/3/16, 68, 54, , , 
2020/3/17, 74, 44, , , 
2020/3/18, 54, 59, , , 
2020/3/19, 67, 46, , , 
2020/3/20, 57, 35, , , 
2020/3/21, 42, 34, , , 
2020/3/22, 39, 33, , , 
2020/3/23, 40, 22, , , 
2020/3/24, 38, 29, , , 
2020/3/25, 69, 38, , , 
2020/3/26, 76, 28, , , 
2020/3/27, 57, 34, , , 
2020/3/28, 50, 38, , , 
2020/3/29, 61, 34, , , 
2020/3/30, 49, 30, , , 
2020/3/31, 55, 22, , , 
2020/4/1, 26, 30, , , 
2019/10/2, 95, 68, , , 31
2019/10/3, 102, 65, , , 24
2019/10/4, 89, 66, , , 33
2019/10/5, 99, 65, , , 28
2019/10/6, 93, 57, , , 22
2019/10/7, 77, 63, , , 26
2019/10/8, 90, 69, , , 22
2019/10/9, 101, 64, , , 39
2019/10/10, 103, 59, , , 24
2019/10/11, 89, 59, , , 26
2019/10/12, 91, 58, , , 29
2019/10/13, 90, 67, , , 36
2019/10/14, 98, 65, , , 26
2019/10/15, 85, 61, , , 23
2019/10/16, 88, 61, , , 23
2019/10/17, 93, 61, , , 30
2019/10/18, 90, 61, , , 25
2019/10/19, 95, 57, , , 23
2019/10/20, 81, 63, , , 29
2019/10/21, 106, 58, , , 23
2019/10/22, 99, 49, , , 23
2019/10/23, 85, 44, , , 39
2019/10/24, 85, 58, , , 28
2019/10/25, 133, 59, , , 17
2019/10/26, 114, 61, , , 22
2019/10/27, 129, 56, , , 23
2019/10/28, 110, 44, , , 16
2019/10/29, 97, 40, , , 21
2019/10/30, 82, 55, , , 29
2019/10/31, 112, 50, , , 21
2019/11/1, 99, 43, , , 15
2019/11/2, 88, 50, , , 21
2019/11/3, 108, 58, , , 25
2019/11/4, 105, 56, , , 29
2019/11/5, 88, 59, , , 21
2019/11/6, 106, 74, , , 22
2019/11/7, 154, 75, , , 21
2019/11/8, 153, 79, , , 24
2019/11/9, 154, 66, , , 20
2019/11/10, 140, 63, , , 22
2019/11/11, 118, 69, , , 25
2019/11/12, 143, 75, , , 30
2019/11/13, 156, 71, , , 29
2019/11/14, 155, 86, , , 27
2019/11/15, 165, 81, , , 22
2019/11/16, 159, 51, , , 17
2019/11/17, 91, 39, , , 38
2019/11/18, 79, , , , 
2019/11/21, 103, 53, , , 28
2019/11/22, 119, 57, , , 23
2019/11/23, 124, 60, , , 17
2019/11/24, 150, 66, , , 21
2019/11/25, 150, 58, , , 16
2019/11/26, 139, 59, , , 18
2019/11/27, 150, 65, , , 21
2019/11/30, 178, 73, , , 24
2019/12/1, 169, 60, , , 24
2019/12/2, 141, 76, , , 25
2019/12/3, 166, 87, , , 23
2019/12/4, 157, 39, , , 25
2019/12/5, 90, 60, , , 24
2019/12/6, 126, 70, , , 23
2019/12/7, 144, 50, , , 17
2019/12/8, 96, 42, , , 24
2019/12/9, 83, 34, , , 
2019/12/10, 54, 36, , , 
2019/12/11, 62, 49, , , 
2019/12/12, 76, 44, , , 
2019/12/13, 71, 55, , , 
2019/12/14, 82, 63, , , 
2019/12/15, 103, 75, , , 
2019/12/16, 132, 82, , , 
2019/12/17, 148, 79, , , 
2019/12/18, 136, 41, , , 
2019/12/19, 72, 47, , , 
2019/12/20, 74, 54, , , 
2019/12/21, 85, 60, , , 
2019/12/22, 93, 74, , , 
2019/12/23, 124, 74, , , 
2019/12/24, 124, 72, , , 
2019/12/25, 128, 77, , , 
2019/12/26, 137, 79, , , 
2019/12/27, 140, 68, , , 
2019/12/28, 117, 76, , , 
2019/12/29, 111, 37, , , 
2019/12/30, 59, , , , 
2019/7/2, 110, 88, , , 27
2019/7/3, 94, 78, , , 22
2019/7/4, 103, 76, , , 34
2019/7/5, 96, 69, , , 51
2019/7/6, 92, 68, , , 48
2019/7/7, 94, 69, , , 28
2019/7/8, 84, 72, , , 33
2019/7/9, 91, 70, , , 30
2019/7/10, 94, 74, , , 24
2019/7/11, 99, 70, , , 28
2019/7/12, 100, 61, , , 23
2019/7/13, 76, 62, , , 35
2019/7/14, 81, 63, , , 45
2019/7/15, 89, 70, , , 43
2019/7/16, 102, 65, , , 27
2019/7/17, 90, 59, , , 18
2019/7/18, 72, 60, , , 29
2019/7/19, 78, 59, , , 48
2019/7/20, 81, 57, , , 39
2019/7/21, 74, 58, , , 28
2019/7/22, 66, 58, , , 29
2019/7/23, 68, 54, , , 28
2019/7/24, 70, 55, , , 26
2019/7/25, 69, 59, , , 39
2019/7/26, 74, 60, , , 42
2019/7/27, 76, 61, , , 41
2019/7/28, 87, 57, , , 29
2019/7/29, 81, 69, , , 40
2019/7/30, 101, 62, , , 52
2019/7/31, 93, 57, , , 35
2019/8/1, 73, 59, , , 37
2019/8/2, 80, 61, , , 43
2019/8/3, 83, 59, , , 31
2019/8/4, 70, 73, , , 41
2019/8/5, 99, 70, , , 40
2019/8/6, 88, 83, , , 42
2019/8/7, 131, 85, , , 44
2019/8/8, 128, 75, , , 41
2019/8/9, 110, 69, , , 29
2019/8/10, 95, 68, , , 33
2019/8/11, 96, 73, , , 45
2019/8/12, 110, 73, , , 35
2019/8/13, 106, 61, , , 32
2019/8/14, 93, 62, , , 28
2019/8/15, 85, 63, , , 28
2019/8/16, 83, 59, , , 37
2019/8/17, 89, 53, , , 38
2019/8/18, 80, 52, , , 41
2019/8/19, 67, 56, , , 37
2019/8/20, 70, 58, , , 40
2019/8/21, 82, 60, , , 40
2019/8/22, 77, 62, , , 42
2019/8/23, 84, 59, , , 37
2019/8/24, 83, 55, , , 36
2019/8/25, 73, 57, , , 38
2019/8/26, 78, 56, , , 38
2019/8/27, 74, 61, , , 47
2019/8/28, 83, 60, , , 39
2019/8/29, 80, 67, , , 41
2019/8/30, 93, 62, , , 34
2019/8/31, 90, 57, , , 29
2019/9/1, 82, 54, , , 26
2019/9/2, 68, 56, , , 31
2019/9/3, 77, 64, , , 38
2019/9/4, 80, 71, , , 28
2019/9/5, 99, 62, , , 41
2019/9/6, 87, 58, , , 38
2019/9/7, 79, 59, , , 34
2019/9/8, 74, 64, , , 44
2019/9/9, 80, 75, , , 36
2019/9/10, 94, 58, , , 29
2019/9/11, 64, 52, , , 29
2019/9/12, 65, 59, , , 34
2019/9/13, 72, 59, , , 33
2019/9/14, 71, 60, , , 33
2019/9/15, 68, 59, , , 30
2019/9/16, 76, 62, , , 35
2019/9/17, 79, 60, , , 32
2019/9/18, 73, 63, , , 44
2019/9/19, 90, 64, , , 55
2019/9/20, 97, , , , 56
2019/9/21, 99, , , , 50
2019/9/22, 92, 76, , , 42
2019/9/23, 108, 130, , , 48
2019/9/24, 137, 85, , , 46
2019/9/25, 112, 66, , , 46
2019/9/26, 104, 59, , , 36
2019/9/27, 80, 73, , , 56
2019/9/28, 104, 74, , , 53
2019/9/29, 114, 80, , , 51
2019/9/30, 113, 76, , , 36
2019/10/1, 109, 69, , , 29
2019/4/2, , , , , 
2019/4/3, , , , , 
2019/4/4, , , , , 
2019/4/5, , , , , 
2019/4/6, , , , , 
2019/4/7, , , , , 
2019/4/8, , , , , 
2019/4/9, , , , , 
2019/4/10, , , , , 
2019/4/11, , , , , 
2019/4/12, , , , , 
2019/4/13, , , , , 
2019/4/14, , , , , 
2019/4/15, , , , , 
2019/4/16, , , , , 
2019/4/17, , , , , 
2019/4/18, , , , , 
2019/4/19, , , , , 
2019/4/20, , , , , 
2019/4/21, , , , , 
2019/4/22, , , , , 
2019/4/23, , , , , 
2019/4/24, , , , , 
2019/4/25, , , , , 
2019/4/26, , , , , 
2019/4/27, , , , , 
2019/4/28, , , , , 
2019/4/29, , , , , 
2019/4/30, , , , , 
2019/5/1, , , , , 
2019/5/2, , , , , 
2019/5/3, , , , , 
2019/5/4, , , , , 
2019/5/5, , , , , 
2019/5/6, , , , , 
2019/5/7, , , , , 
2019/5/8, , , , , 
2019/5/9, , , , , 
2019/5/10, , , , , 
2019/5/11, , , , , 
2019/5/12, , , , , 
2019/5/13, , , , , 
2019/5/14, , , , , 
2019/5/15, , , , , 
2019/5/16, , , , , 
2019/5/17, , , , , 
2019/5/19, , , , , 
2019/5/20, , , , , 
2019/5/21, , , , , 
2019/5/22, , , , , 
2019/5/23, , , , , 
2019/5/24, , , , , 
2019/5/25, , , , , 
2019/5/26, , , , , 
2019/5/27, , , , , 
2019/5/28, , , , , 
2019/5/29, , , , , 
2019/5/30, , , , , 
2019/5/31, , , , , 
2019/6/1, , , , , 
2019/6/2, , , , , 
2019/6/3, , , , , 
2019/6/4, , , , , 
2019/6/5, , , , , 
2019/6/6, , , , , 
2019/6/7, , , , , 
2019/6/8, , , , , 
2019/6/9, , , , , 
2019/6/10, , , , , 
2019/6/11, , , , , 
2019/6/12, , , , , 
2019/6/13, , , , , 
2019/6/14, , , , , 
2019/6/15, , , , , 
2019/6/16, , , , , 
2019/6/17, , , , , 
2019/6/18, , , , , 
2019/6/19, , , , , 
2019/6/20, , , , , 
2019/6/21, , , , , 
2019/6/22, , , , , 
2019/6/23, , , , , 
2019/6/24, , , , , 
2019/6/25, , , , , 
2019/6/26, , , , , 
2019/6/27, , , , , 
2019/6/28, , 40, , , 26
2019/6/29, 64, 58, , , 32
2019/6/30, 64, 68, , , 42
2019/7/1, 94, 75, , , 41
2019/3/13, , , , , 
2019/3/14, , , , , 
2019/3/15, , , , , 
2019/3/16, , , , , 
2019/3/17, , , , , 
2019/3/18, , , , , 
2019/3/19, , , , , 
2019/3/20, , , , , 
2019/3/21, , , , , 
2019/3/22, , , , , 
2019/3/23, , , , , 
2019/3/24, , , , , 
2019/3/25, , , , , 
2019/3/26, , , , , 
2019/3/29, , , , , 
2019/3/30, , , , , 
2019/3/31, , , , , 
2019/4/1, , , , , 
2018/10/2, 72, 56, 24, , 32
2018/10/3, 73, 62, 24, , 34
2018/10/4, 71, 70, 17, , 39
2018/10/5, 73, 61, 10, , 35
2018/10/6, 68, 67, 11, , 28
2018/10/7, 72, 40, 11, , 34
2018/10/8, 46, 51, 11, , 24
2018/10/9, 53, 53, 10, , 23
2018/10/10, 51, 72, 11, , 30
2018/10/11, 80, 64, 10, , 31
2018/10/12, 71, 58, 10, , 26
2018/10/13, 66, 62, 10, , 26
2018/10/14, 63, 62, 14, , 30
2018/10/15, 72, 62, 14, 11, 28
2018/10/16, 68, 59, , 11, 23
2018/10/17, 67, 41, 15, 11, 24
2018/10/18, 46, 54, 15, 11, 26
2018/10/19, 53, 64, 15, 12, 27
2018/10/20, 69, 63, 15, 12, 24
2018/10/21, 68, 63, , 12, 33
2018/10/22, 73, 61, , 12, 29
2018/10/23, 74, 61, 14, 12, 36
2018/10/24, 74, 64, 15, 12, 31
2018/10/25, 72, 64, 15, , 25
2018/10/26, 73, 69, 15, , 42
2018/10/27, 88, 53, 15, , 30
2018/10/28, 67, 50, 15, , 28
2018/10/29, 52, 50, 15, 11, 22
2018/10/30, 50, 65, 15, 12, 27
2018/10/31, 72, 57, 15, 11, 25
2018/11/1, 66, 52, 14, 11, 28
2018/11/2, 54, 51, 14, 11, 21
2018/11/3, 52, 46, 16, , 23
2018/11/4, 55, 44, 17, , 42
2018/11/5, 58, 52, 17, , 28
2018/11/6, 58, 57, 16, , 31
2018/11/7, 62, 46, 15, 13, 36
2018/11/8, 54, 50, 14, 13, 29
2018/11/9, 53, 54, 15, 12, 28
2018/11/10, 59, 61, 15, 13, 33
2018/11/11, 82, 65, 14, , 28
2018/11/12, 109, 45, 36, 12, 33
2018/11/13, 72, 20, 36, 13, 100
2018/11/15, 48, 26, , , 25
2018/11/16, 61, 41, , , 33
2018/11/17, 70, 55, , , 40
2018/11/18, 95, 49, , 15, 32
2018/11/19, 76, 60, , 13, 29
2018/11/20, 97, 67, , 13, 30
2018/11/21, 113, 71, , , 31
2018/11/22, 117, 65, , , 40
2018/11/23, 105, 47, , , 28
2018/11/24, 68, 42, , , 31
2018/11/25, 64, 30, , , 27
2018/11/26, 58, 31, , , 22
2018/11/27, 55, 36, , , 21
2018/11/28, 46, 54, , , 28
2018/11/29, 64, 73, , , 33
2018/11/30, 110, 86, , , 43
2018/12/1, 129, 67, , , 35
2018/12/2, 100, 64, , , 30
2018/12/3, 86, 68, , , 26
2018/12/4, 94, 87, , , 30
2018/12/5, 128, 91, , , 31
2018/12/6, 132, 97, , , 31
2018/12/7, 139, 64, , , 32
2018/12/8, 99, 33, , , 29
2018/12/9, 46, 45, , , 29
2018/12/10, 53, 35, , , 27
2018/12/11, 64, , , , 
2018/12/13, 61, 58, , , 36
2018/12/15, 60, 57, , , 34
2018/12/16, 57, 68, , , 35
2018/12/17, 66, 72, , , 33
2018/12/18, 73, , , , 37
2018/12/19, 102, , , , 53
2018/12/20, 70, , , , 31
2018/12/21, 110, , , , 26
2018/12/22, 85, , , , 21
2018/12/23, 80, , , , 30
2018/12/24, 81, , , , 24
2018/12/25, 83, , , , 24
2018/12/26, 96, , , , 43
2018/12/27, 97, , , , 46
2018/12/28, 128, , , , 35
2018/12/29, 135, , , , 
2018/12/31, 45, , , , 
2018/9/13, 74, 69, 14, 12, 49
2018/9/14, 88, 69, 12, 13, 54
2018/9/15, 98, 63, 20, 13, 47
2018/9/16, 85, 63, 20, 13, 41
2018/9/17, 88, 62, 16, 13, 47
2018/9/18, 82, 62, 17, 12, 38
2018/9/19, 76, 86, 21, 12, 23
2018/9/20, 100, 68, 24, 12, 21
2018/9/21, 80, 48, 13, , 24
2018/9/22, 63, 38, 14, , 25
2018/9/23, 49, 49, 25, , 25
2018/9/24, 59, 60, 25, , 33
2018/9/25, 73, 56, 24, , 23
2018/9/26, 65, 52, 18, , 28
2018/9/27, 62, 50, 29, , 29
2018/9/28, 62, 41, 32, , 25
2018/9/29, 50, 41, 15, , 24
2018/9/30, 50, 49, 28, , 31
2018/10/1, 58, 56, 32, , 32
2020/4/4, , 43, , , 
2020/4/5, , 28, , , 
2020/1/1, , 55, , , 
2020/1/31, , 55, , , 
2019/11/20, , 49, , , 30
2019/11/28, , 87, , , 22
2019/5/18, , , , , 
2019/3/12, , , , , 
2019/3/27, , , , , 
2019/3/28, , , , , 
2018/11/14, , 36, , , 48
2018/12/12, , 64, , , 35
2018/12/14, , 61, , , 38
2018/9/12, , 60, , 102, 36
2019/11/29, , , , , 19
2018/12/30, , , , , 23